"Geographic code","Geographic name","Global non-response rate","Data quality flag","Age","Mother tongue - Total (2016 counts)","Mother tongue - English (2016 counts)","Mother tongue - French (2016 counts)","Mother tongue - Non-official language (2016 counts)","Mother tongue - English and French (2016 counts)","Mother tongue - English and non-official language (2016 counts)","Mother tongue - French and non-official language (2016 counts)","Mother tongue - English, French and non-official language (2016 counts)","Mother tongue - Total (% distribution (2016))","Mother tongue - English (% distribution (2016))","Mother tongue - French (% distribution (2016))","Mother tongue - Non-official language (% distribution (2016))","Mother tongue - English and French (% distribution (2016))","Mother tongue - English and non-official language (% distribution (2016))","Mother tongue - French and non-official language (% distribution (2016))","Mother tongue - English, French and non-official language (% distribution (2016))","Mother tongue - Total (% change (2011 to 2016))","Mother tongue - English (% change (2011 to 2016))","Mother tongue - French (% change (2011 to 2016))","Mother tongue - Non-official language (% change (2011 to 2016))","Mother tongue - English and French (% change (2011 to 2016))","Mother tongue - English and non-official language (% change (2011 to 2016))","Mother tongue - French and non-official language (% change (2011 to 2016))","Mother tongue - English, French and non-official language (% change (2011 to 2016))","Mother tongue - Total (% change (2006 to 2016))","Mother tongue - English (% change (2006 to 2016))","Mother tongue - French (% change (2006 to 2016))","Mother tongue - Non-official language (% change (2006 to 2016))","Mother tongue - English and French (% change (2006 to 2016))","Mother tongue - English and non-official language (% change (2006 to 2016))","Mother tongue - French and non-official language (% change (2006 to 2016))","Mother tongue - English, French and non-official language (% change (2006 to 2016))"
"01","Canada","4.0","20000","Total","34767255","19460855","7166705","7321060","165325","533260","86145","33900","100","56","20.6","21.1","0.5","1.5","0.2","0.1","5","3.2","1.6","11.5","14.3","34.5","15.7","40.7","11.3","8.8","5.1","19.1","67.6","122.2","98.8","214.2"
"01","Canada","4.0","20000","0 to 14","5833235","3659695","1130775","828010","46395","132520","24065","11780","100","62.7","19.4","14.2","0.8","2.3","0.4","0.2","4.1","2.6","5.5","3.3","21.4","37.7","30.4","54.1","4.6","2.4","4","1.1","82","129.8","136.9","276.4"
"01","Canada","4.0","20000","0 to 4","1896770","1173070","373055","274195","16840","46600","9150","3860","100","61.8","19.7","14.5","0.9","2.5","0.5","0.2","1.1","0.3","0.8","-0.6","12.9","32.2","18","54.4","12.2","10.1","17.9","0.4","79.7","124","128.2","254.1"
"01","Canada","4.0","20000","5 to 9","2016650","1269235","400695","274315","15415","44635","8510","3845","100","62.9","19.9","13.6","0.8","2.2","0.4","0.2","11.5","8.9","17.5","9","35.5","44.3","44.9","61.6","11.5","8.1","16","6.3","93.8","139.2","156.3","355"
"01","Canada","4.0","20000","10 to 14","1919820","1217380","357025","279505","14150","41285","6410","4075","100","63.4","18.6","14.6","0.7","2.2","0.3","0.2","0.1","-1.3","-1","2.1","18.9","37.2","33","47.6","-7.6","-8.8","-16.1","-3","73.3","126.7","126.5","241"
"01","Canada","4.0","20000","15 to 24","4254960","2575730","788055","765770","27125","81105","10740","6435","100","60.5","18.5","18","0.6","1.9","0.3","0.2","-2.2","-4.8","-7.8","10","14.3","38.9","18.3","38.2","1.1","-1.8","-6.7","11.8","82","142.1","110.6","220.9"
"01","Canada","4.0","20000","15 to 19","2020310","1250320","364335","343705","13110","40015","5395","3430","100","61.9","18","17","0.6","2","0.3","0.2","-7","-8.7","-15.4","6.9","8.6","32.6","16.1","33.7","-5.4","-8","-14.5","6.5","72.6","139.4","106.3","239.6"
"01","Canada","4.0","20000","20 to 24","2234640","1325410","423715","422065","14015","41085","5340","3005","100","59.3","19","18.9","0.6","1.8","0.2","0.1","2.5","-0.7","0.1","12.6","20.3","45.5","20.5","43.8","7.9","4.9","1.3","16.6","91.7","144.8","114.5","202"
"01","Canada","4.0","20000","25 to 44","9119745","4934370","1725755","2218240","42775","163795","26020","8800","100","54.1","18.9","24.3","0.5","1.8","0.3","0.1","3.7","1.8","-0.4","9.5","14.5","34.2","10.6","33.4","3.9","0.6","-6.1","15.6","70.1","122.9","78.4","205"
"01","Canada","4.0","20000","45 to 64","9891210","5356310","2153960","2216590","29940","111110","18345","4960","100","54.2","21.8","22.4","0.3","1.1","0.2","0.1","2.3","0.4","-4.2","13.3","3.5","31","15.2","34.4","15","13.7","2.4","30.1","44.1","113.4","96.2","189.2"
"01","Canada","4.0","20000","65 and over","5668100","2934750","1368165","1292450","19090","44735","6980","1930","100","51.8","24.1","22.8","0.3","0.8","0.1","0","20.5","21.9","19.2","18.8","15.7","28.5","-6.2","27.8","39.1","41.8","45","26.6","55.1","92","68.6","82.1"
"01","Canada","4.0","20000","65 to 74","3355975","1796050","828195","689450","10825","25915","4335","1205","100","53.5","24.7","20.5","0.3","0.8","0.1","0","26.9","31.1","24.2","20.1","17.4","37.6","6.1","37.7","48.8","60.6","51.8","21.1","63.9","102.7","84.5","84"
"01","Canada","4.0","20000","75 and over","2312125","1138700","539970","603000","8270","18820","2640","725","100","49.2","23.4","26.1","0.4","0.8","0.1","0","12.3","9.8","12.3","17.3","13.6","17.8","-21.3","14.2","27.1","19.8","35.7","33.5","45","79","47.9","79"
"10","Newfoundland and Labrador","4.0","00000","Total","515680","499705","2355","11920","585","1025","60","30","100","96.9","0.5","2.3","0.1","0.2","0","0","1.1","0.4","-5","35.6","24.5","75.2","50","20","3","2.3","24.9","25","98.3","135.6","100","200"
"10","Newfoundland and Labrador","4.0","00000","0 to 14","74360","71655","230","2015","160","285","10","10","100","96.4","0.3","2.7","0.2","0.4","0","0","-2.9","-3.9","27.8","33.9","18.5","103.6","0","","-4.9","-6.2","64.3","29.6","146.2","307.1","-60",""
"10","Newfoundland and Labrador","4.0","00000","0 to 4","22345","21410","75","670","55","130","0","5","100","95.8","0.3","3","0.2","0.6","0","0","-8.7","-9.7","25","14.5","83.3","85.7","-100","","-1.8","-3.4","200","36.7","83.3","333.3","-100",""
"10","Newfoundland and Labrador","4.0","00000","5 to 9","26020","25080","85","700","45","100","0","5","100","96.4","0.3","2.7","0.2","0.4","0","0","3.7","2.5","30.8","52.2","-10","122.2","-100","","-0.3","-1.5","41.7","32.1","200","900","",""
"10","Newfoundland and Labrador","4.0","00000","10 to 14","25995","25160","70","645","55","55","5","0","100","96.8","0.3","2.5","0.2","0.2","0","0","-3.7","-4.7","16.7","40.2","22.2","83.3","","","-11.5","-12.5","40","20.6","450","83.3","",""
"10","Newfoundland and Labrador","4.0","00000","15 to 24","54850","52775","155","1645","125","140","5","0","100","96.2","0.3","3","0.2","0.3","0","0","-7.9","-8.7","-13.9","15","47.1","154.5","","-100","-16.1","-17.3","19.2","33.7","47.1","154.5","-50",""
"10","Newfoundland and Labrador","4.0","00000","15 to 19","27205","26385","60","635","60","60","5","0","100","97","0.2","2.3","0.2","0.2","0","0","-7.9","-8.7","-7.7","25.7","71.4","100","0","","-20.3","-20.9","-20","3.3","71.4","100","",""
"10","Newfoundland and Labrador","4.0","00000","20 to 24","27645","26390","90","1010","60","80","5","0","100","95.5","0.3","3.7","0.2","0.3","0","0","-7.9","-8.7","-21.7","9.2","33.3","166.7","","-100","-11.5","-13.4","80","62.9","33.3","220","-50",""
"10","Newfoundland and Labrador","4.0","00000","25 to 44","122660","116550","720","4825","150","375","30","10","100","95","0.6","3.9","0.1","0.3","0","0","-4.8","-6.6","20","60.3","42.9","59.6","20","0","-10","-12.3","38.5","88.5","114.3","102.7","",""
"10","Newfoundland and Labrador","4.0","00000","45 to 64","165920","162435","770","2445","85","165","5","5","100","97.9","0.5","1.5","0.1","0.1","0","0","-0.4","-0.6","-19.8","19","-5.6","57.1","0","0","7.4","7.6","4.8","-10.3","54.5","57.1","",""
"10","Newfoundland and Labrador","4.0","00000","65 and over","97890","96295","475","990","65","60","0","0","100","98.4","0.5","1","0.1","0.1","0","0","24.9","25.1","-15.2","25.3","30","33.3","-100","","47.9","49.7","33.8","-32.4","225","200","",""
"10","Newfoundland and Labrador","4.0","00000","65 to 74","63125","62130","295","620","40","40","5","0","100","98.4","0.5","1","0.1","0.1","0","0","30.8","31.2","-10.6","19.2","60","60","","","61.4","63.8","43.9","-36.1","166.7","","",""
"10","Newfoundland and Labrador","4.0","00000","75 and over","34770","34165","180","375","25","15","0","0","100","98.3","0.5","1.1","0.1","0","0","0","15.4","15.5","-21.7","38.9","0","-40","-100","-100","28.4","29.4","20","-24.2","","0","",""
"11","Prince Edward Island","4.1","00000","Total","141020","128005","4865","7160","485","460","30","20","100","90.8","3.4","5.1","0.3","0.3","0","0","1.9","0.3","-6.4","47.2","9","80.4","-14.3","100","5.1","2.2","-9.1","141.9","-2","338.1","20","33.3"
"11","Prince Edward Island","4.1","00000","0 to 14","22665","20865","400","1105","135","150","5","10","100","92.1","1.8","4.9","0.6","0.7","0","0","-1.7","-4.2","-8","74","22.7","87.5","0","100","-5.6","-9.7","-16.7","281","58.8","500","","0"
"11","Prince Edward Island","4.1","00000","0 to 4","6995","6505","115","285","40","45","5","0","100","93","1.6","4.1","0.6","0.6","0.1","0","-3.8","-5.9","-4.2","62.9","0","28.6","","","5.7","1.8","0","375","33.3","80","",""
"11","Prince Edward Island","4.1","00000","5 to 9","7900","7255","135","405","45","60","0","5","100","91.8","1.7","5.1","0.6","0.8","0","0.1","7","3.9","-3.6","107.7","12.5","140","","","-1.3","-5.3","-27","224","80","","",""
"11","Prince Edward Island","4.1","00000","10 to 14","7770","7105","145","415","50","45","5","5","100","91.4","1.9","5.3","0.6","0.6","0.1","0.1","-7.4","-9.9","-21.6","59.6","42.9","200","0","","-17.1","-21.5","-21.6","295.2","66.7","","","-50"
"11","Prince Edward Island","4.1","00000","15 to 24","17215","15545","330","1175","90","60","0","0","100","90.3","1.9","6.8","0.5","0.3","0","0","-6.3","-9.6","-9.6","65.5","12.5","200","","","-7.2","-12.1","-34.7","370","-5.3","500","",""
"11","Prince Edward Island","4.1","00000","15 to 19","8625","7815","170","545","50","35","0","5","100","90.6","2","6.3","0.6","0.4","0","0.1","-10.5","-13.5","-8.1","55.7","0","250","","","-13.4","-17.9","-30.6","289.3","11.1","","",""
"11","Prince Edward Island","4.1","00000","20 to 24","8590","7730","160","630","40","30","0","0","100","90","1.9","7.3","0.5","0.3","0","0","-1.8","-5.3","-11.1","77.5","14.3","200","","","-0.1","-5.3","-37.3","447.8","-20","","",""
"11","Prince Edward Island","4.1","00000","25 to 44","32295","28735","835","2440","110","155","10","5","100","89","2.6","7.6","0.3","0.5","0","0","-1.2","-3.9","-18.5","54.9","15.8","106.7","0","0","-6.5","-11","-36","195.8","15.8","287.5","",""
"11","Prince Edward Island","4.1","00000","45 to 64","42570","38815","1820","1775","75","75","10","0","100","91.2","4.3","4.2","0.2","0.2","0","0","-0.8","-1.3","-9.9","26.8","-16.7","36.4","0","-100","11.3","10.2","-6.7","88.8","-46.4","275","0",""
"11","Prince Edward Island","4.1","00000","65 and over","26270","24040","1475","660","65","15","5","0","100","91.5","5.6","2.5","0.2","0.1","0","0","22.7","23.8","10.1","20","0","-40","0","","39.4","41.7","32.9","0.8","-23.5","-25","-66.7",""
"11","Prince Edward Island","4.1","00000","65 to 74","16350","15105","825","365","40","15","0","0","100","92.4","5","2.2","0.2","0.1","0","0","32.2","34.1","14.6","12.3","0","0","-100","","54.3","58.7","31","-2.7","-27.3","0","-100",""
"11","Prince Edward Island","4.1","00000","75 and over","9920","8935","655","300","25","5","0","0","100","90.1","6.6","3","0.3","0.1","0","0","9.8","9.7","5.6","36.4","-16.7","-50","","","20.2","19.9","35.1","7.1","-16.7","","",""
"12","Nova Scotia","3.9","00000","Total","912295","830220","29465","44550","3445","4180","225","210","100","91","3.2","4.9","0.4","0.5","0","0","0.2","-0.7","-5.3","20.1","13.5","46.4","-28.6","68","1","-0.2","-9.4","28.7","64","190.3","60.7","44.8"
"12","Nova Scotia","3.9","00000","0 to 14","133715","124160","2110","5390","840","1120","25","65","100","92.9","1.6","4","0.6","0.8","0","0","-3.2","-4.4","-10","21","20","56.6","-28.6","44.4","-8.7","-10.2","-21.7","15.8","90.9","229.4","","18.2"
"12","Nova Scotia","3.9","00000","0 to 4","41970","38780","590","1775","305","485","15","15","100","92.4","1.4","4.2","0.7","1.2","0","0","-4.5","-5.7","-18.6","16.8","22","49.2","-25","0","-0.2","-1.4","-20.3","6.3","96.8","212.9","","50"
"12","Nova Scotia","3.9","00000","5 to 9","45960","42710","755","1825","280","365","10","25","100","92.9","1.6","4","0.6","0.8","0","0.1","3.5","2","3.4","31.3","47.4","69.8","0","150","-4.5","-6.7","-10.1","46.6","75","329.4","","-16.7"
"12","Nova Scotia","3.9","00000","10 to 14","45780","42665","765","1800","255","265","5","25","100","93.2","1.7","3.9","0.6","0.6","0","0.1","-8","-9","-14","16.5","-3.8","51.4","-50","66.7","-18.7","-19.8","-31.4","3.7","104","165","","66.7"
"12","Nova Scotia","3.9","00000","15 to 24","107015","96270","2090","7390","545","660","20","35","100","90","2","6.9","0.5","0.6","0","0","-8.2","-9.9","-13.1","15.9","4.8","46.7","-33.3","133.3","-9.1","-12.5","-21.3","60.8","67.7","247.4","","250"
"12","Nova Scotia","3.9","00000","15 to 19","51085","46950","910","2645","250","300","5","20","100","91.9","1.8","5.2","0.5","0.6","0","0","-10.8","-11.9","-19.1","12.8","-5.7","46.3","-50","300","-16.8","-18.7","-28.6","21.1","72.4","200","","100"
"12","Nova Scotia","3.9","00000","20 to 24","55925","49320","1180","4750","295","355","15","10","100","88.2","2.1","8.5","0.5","0.6","0","0","-5.8","-7.9","-8.2","18","18","44.9","0","0","-0.7","-5.7","-14.8","97.1","63.9","317.6","",""
"12","Nova Scotia","3.9","00000","25 to 44","213470","190415","5990","14695","895","1350","75","50","100","89.2","2.8","6.9","0.4","0.6","0","0","-3.3","-5.2","-12.5","29.6","21.8","61.7","-42.3","25","-11.3","-14.1","-28.1","50.6","55.7","309.1","114.3","-33.3"
"12","Nova Scotia","3.9","00000","45 to 64","282260","259185","10745","10870","650","705","70","45","100","91.8","3.8","3.9","0.2","0.2","0","0","-2.4","-2.7","-9.6","11.8","-1.5","29.4","-6.7","200","5.7","6.1","-9.4","10.4","35.4","120.3","-26.3",""
"12","Nova Scotia","3.9","00000","65 and over","175845","160195","8535","6200","515","355","25","15","100","91.1","4.9","3.5","0.3","0.2","0","0","20.5","21.1","11.9","19","24.1","14.5","-50","0","34.2","36","21.9","7.4","83.9","36.5","150",""
"12","Nova Scotia","3.9","00000","65 to 74","107455","98435","4995","3505","295","190","15","10","100","91.6","4.6","3.3","0.3","0.2","0","0","27.6","28.6","17.7","15.9","34.1","8.6","-50","-33.3","48.6","51.2","37.2","7.7","63.9","58.3","",""
"12","Nova Scotia","3.9","00000","75 and over","68390","61755","3535","2690","220","165","15","10","100","90.3","5.2","3.9","0.3","0.2","0","0","10.9","10.8","4.6","23.4","10","26.9","-25","","16.4","17.3","5.2","7","131.6","17.9","50","0"
"13","New Brunswick","3.9","00000","Total","736280","472725","231110","23150","7280","1535","330","145","100","64.2","31.4","3.1","1","0.2","0","0","-0.5","-1.5","-1","25.8","10.6","37.1","32","52.6","2.3","2.1","-0.8","26.4","63.6","174.1","175","383.3"
"13","New Brunswick","3.9","00000","0 to 14","110400","76465","28160","3425","1795","395","95","65","100","69.3","25.5","3.1","1.6","0.4","0.1","0.1","-2.7","-4.6","-3.5","54.3","11.8","43.6","46.2","116.7","-6.6","-7.8","-11.5","46.7","81.3","216","850","550"
"13","New Brunswick","3.9","00000","0 to 4","34345","23790","8620","1005","700","150","40","30","100","69.3","25.1","2.9","2","0.4","0.1","0.1","-5.9","-7","-9","71.8","-3.4","30.4","33.3","200","-0.2","-1.4","-5.3","40.6","70.7","150","300","200"
"13","New Brunswick","3.9","00000","5 to 9","38235","26530","9820","1160","540","135","35","10","100","69.4","25.7","3","1.4","0.4","0.1","0","4.3","2.2","4.2","64.5","20","68.8","75","-33.3","-1.4","-3.7","-4.7","75.8","129.8","237.5","",""
"13","New Brunswick","3.9","00000","10 to 14","37820","26140","9715","1260","560","110","15","20","100","69.1","25.7","3.3","1.5","0.3","0","0.1","-6.2","-8.6","-5.5","35.5","30.2","37.5","50","100","-16","-16.4","-21.7","31.3","64.7","266.7","","100"
"13","New Brunswick","3.9","00000","15 to 24","81755","56090","21340","2970","1080","215","35","25","100","68.6","26.1","3.6","1.3","0.3","0","0","-9.2","-9.3","-12.7","20","6.9","43.3","-12.5","25","-11.1","-8.6","-22.3","26.4","61.2","152.9","16.7",""
"13","New Brunswick","3.9","00000","15 to 19","40495","28115","10270","1435","535","110","10","15","100","69.4","25.4","3.5","1.3","0.3","0","0","-11.4","-11.7","-15.2","25.3","0","83.3","-50","50","-15.2","-12.9","-26.5","38","33.8","214.3","0",""
"13","New Brunswick","3.9","00000","20 to 24","41260","27975","11065","1535","545","100","30","10","100","67.8","26.8","3.7","1.3","0.2","0.1","0","-6.9","-6.9","-10.3","15.8","13.5","17.6","20","100","-6.8","-3.9","-18","16.7","101.9","122.2","20",""
"13","New Brunswick","3.9","00000","25 to 44","172485","109930","52780","7385","1770","475","115","30","100","63.7","30.6","4.3","1","0.3","0.1","0","-6","-7.2","-7.3","25.2","5","48.4","43.8","50","-11.7","-12.5","-17","49.8","56.6","280","91.7",""
"13","New Brunswick","3.9","00000","45 to 64","229995","143295","78360","6425","1525","305","65","20","100","62.3","34.1","2.8","0.7","0.1","0","0","-2.7","-2.3","-5.1","20.7","4.8","27.1","18.2","0","8.1","10.2","2.7","23","37.4","103.3","",""
"13","New Brunswick","3.9","00000","65 and over","141645","86950","50475","2945","1105","150","20","5","100","61.4","35.6","2.1","0.8","0.1","0","0","21.5","19.6","24.9","18.8","34.8","15.4","100","0","39.9","37.5","49.2","-15.4","100.9","100","33.3","-50"
"13","New Brunswick","3.9","00000","65 to 74","86945","53250","31300","1645","655","75","15","0","100","61.2","36","1.9","0.8","0.1","0","0","29.2","28.2","31.7","15.4","33.7","15.4","50","","55.7","55.5","63.1","-20.1","147.2","150","0","-100"
"13","New Brunswick","3.9","00000","75 and over","54705","33700","19175","1295","450","75","5","5","100","61.6","35.1","2.4","0.8","0.1","0","0","11.1","8.2","15.2","22.7","34.3","7.1","0","","20.5","16.2","31","-8.8","57.9","87.5","-50",""
"24","Quebec","3.7","20000","Total","8066560","601155","6219665","1060830","72395","27485","67075","17950","100","7.5","77.1","13.2","0.9","0.3","0.8","0.2","3.2","0.3","1.9","10.3","11.7","17.3","29.9","38.6","8.5","4.4","5.8","19.7","67.1","69.6","114","225.2"
"24","Quebec","3.7","20000","0 to 14","1331960","107980","1025475","144515","20940","5380","21610","6055","100","8.1","77","10.8","1.6","0.4","1.6","0.5","5.9","0.4","6.1","2.2","19.6","15.7","35.8","52.1","6.4","-1.8","4.8","5.2","76.1","77","143.2","268.1"
"24","Quebec","3.7","20000","0 to 4","444735","33740","341590","48000","8415","2080","8435","2475","100","7.6","76.8","10.8","1.9","0.5","1.9","0.6","0.9","-0.1","1.4","-8.4","17.1","13.7","22.1","57.1","18.5","8.7","19.7","-1.8","91.9","66.4","135.3","289.8"
"24","Quebec","3.7","20000","5 to 9","468865","37495","363765","49675","6685","1710","7655","1880","100","8","77.6","10.6","1.4","0.4","1.6","0.4","17.4","4.7","18.6","12.5","32.1","21.7","51.3","67.9","17.7","1.1","17","16.8","81.4","103.6","161.7","347.6"
"24","Quebec","3.7","20000","10 to 14","418365","36750","320125","46835","5840","1590","5525","1700","100","8.8","76.5","11.2","1.4","0.4","1.3","0.4","0.2","-3.3","-0.8","4.5","10.9","12.4","40.2","32.3","-12.4","-12.2","-16.2","1.7","52.7","67.4","133.1","185.7"
"24","Quebec","3.7","20000","15 to 24","927110","85390","703340","110235","12430","3700","8665","3340","100","9.2","75.9","11.9","1.3","0.4","0.9","0.4","-5.3","-4","-7.8","6.3","12.2","17.3","27.7","31","-1.9","2.5","-5.9","10.3","91.8","68.6","117.4","206.4"
"24","Quebec","3.7","20000","15 to 19","428395","39270","324665","50880","5810","1695","4415","1655","100","9.2","75.8","11.9","1.4","0.4","1","0.4","-12.7","-10.6","-15.9","5.1","0.2","10.8","23.3","22.1","-9.6","-6.4","-14.2","8.3","73.2","66.2","111.2","212.3"
"24","Quebec","3.7","20000","20 to 24","498715","46115","378675","59355","6620","2010","4250","1685","100","9.2","75.9","11.9","1.3","0.4","0.9","0.3","2.2","2.5","0.6","7.4","25.4","23.7","32.4","41","6","11.6","2.5","12","111.8","71.1","124.9","203.6"
"24","Quebec","3.7","20000","25 to 44","2060650","151675","1502245","354750","18085","9305","19640","4960","100","7.4","72.9","17.2","0.9","0.5","1","0.2","1.3","-0.4","0.1","5.1","14.7","13","21.9","33.5","-0.5","-1.3","-5","15.2","65.3","53.8","95.9","245.6"
"24","Quebec","3.7","20000","45 to 64","2324450","158035","1833255","298655","12555","6685","12650","2610","100","6.8","78.9","12.8","0.5","0.3","0.5","0.1","-1.1","-2.9","-3.9","19.2","-1.5","24.3","34","36.3","7.2","5.8","2.8","37.8","45.6","87.3","107.9","214.5"
"24","Quebec","3.7","20000","65 and over","1422390","98075","1155340","152680","8380","2420","4515","985","100","6.9","81.2","10.7","0.6","0.2","0.3","0.1","19","11.8","19.8","18.6","8.8","20.1","33","23.9","42.1","23.6","46.7","23","55.2","79.3","90.5","87.6"
"24","Quebec","3.7","20000","65 to 74","850775","57930","701255","81960","4745","1405","2875","610","100","6.8","82.4","9.6","0.6","0.2","0.3","0.1","24.1","21.3","24.9","19.6","10.3","30.1","42","31.2","48.7","40.2","53.6","18.8","64.8","112.9","95.6","82.1"
"24","Quebec","3.7","20000","75 and over","571610","40145","454085","70720","3635","1015","1635","370","100","7","79.4","12.4","0.6","0.2","0.3","0.1","12.2","0.4","12.7","17.5","6.8","9.1","18.9","10.4","33.4","5.6","37.1","28.4","44.2","47.1","81.7","94.7"
"35","Ontario","3.7","20000","Total","13312870","8902320","490720","3553925","54045","288285","12565","11010","100","66.9","3.7","26.7","0.4","2.2","0.1","0.1","4.6","2.6","-0.5","8.9","16","31.4","-7.9","44.6","10.7","8.2","0.4","13.4","65.3","119.6","61.3","208.8"
"35","Ontario","3.7","20000","0 to 14","2205735","1695825","58350","358125","15700","72050","1630","4050","100","76.9","2.6","16.2","0.7","3.3","0.1","0.2","1.2","0.8","-0.1","-2.1","23.8","30.1","0.6","57.9","-0.2","-0.3","-3.7","-11.4","83.4","114.5","86.3","273.3"
"35","Ontario","3.7","20000","0 to 4","696510","531620","16930","117500","5030","24055","450","925","100","76.3","2.4","16.9","0.7","3.5","0.1","0.1","-1","-0.8","-6.2","-5.5","9.1","21.1","-13.5","44.5","3.8","5.5","-0.4","-12.5","66","100.5","66.7","160.6"
"35","Ontario","3.7","20000","5 to 9","755520","584730","20565","118005","5460","24815","580","1370","100","77.4","2.7","15.6","0.7","3.3","0.1","0.2","6.1","5.4","7.4","2.6","38.6","36.6","9.4","51.4","4.8","4.5","6.6","-7.6","101.1","125.3","118.9","380.7"
"35","Ontario","3.7","20000","10 to 14","753710","579475","20855","122620","5215","23190","600","1755","100","76.9","2.8","16.3","0.7","3.1","0.1","0.2","-1.2","-2.1","-1.8","-3","26.4","33.6","4.3","71.2","-7.8","-9.1","-14.3","-13.7","85.3","119.3","71.4","298.9"
"35","Ontario","3.7","20000","15 to 24","1701290","1240005","46925","357005","8750","44975","1435","2185","100","72.9","2.8","21","0.5","2.6","0.1","0.1","-0.6","-3.3","-6.3","6.7","15.2","35.4","-1","48.1","4.7","2.9","-8.2","4","75.2","142.5","73.9","238.8"
"35","Ontario","3.7","20000","15 to 19","809710","602760","22485","156135","4365","22020","690","1255","100","74.4","2.8","19.3","0.5","2.7","0.1","0.2","-6","-8.7","-10.3","2.1","13.8","27.8","0","45.9","-2.5","-4.3","-13.5","-3.5","69.8","136.9","70.4","274.6"
"35","Ontario","3.7","20000","20 to 24","891580","637250","24440","200875","4380","22955","745","930","100","71.5","2.7","22.5","0.5","2.6","0.1","0.1","4.9","2.4","-2.2","10.6","16.5","43.6","-2","50","12.2","10.8","-2.7","10.6","80.6","148","77.4","204.9"
"35","Ontario","3.7","20000","25 to 44","3440770","2203005","113105","1016900","13855","87375","3940","2590","100","64","3.3","29.6","0.4","2.5","0.1","0.1","2.1","0.8","-5.4","3.9","11.1","27.8","-11.8","31.5","0.1","-2.2","-16.2","2.1","64.4","109.2","35.2","164.3"
"35","Ontario","3.7","20000","45 to 64","3809645","2422520","164945","1145095","9870","61700","3920","1595","100","63.6","4.3","30.1","0.3","1.6","0.1","0","3.7","0.4","-4.6","11.6","8.3","32.6","-2.1","36.3","19","14.5","0.7","29.3","45.1","124.7","90.8","172.6"
"35","Ontario","3.7","20000","65 and over","2155430","1340965","107390","676790","5870","22180","1645","590","100","62.2","5","31.4","0.3","1","0.1","0","20.5","20.4","16.3","21.1","23.4","39.5","-21.9","37.2","38.5","40","37.2","34","50.5","123.4","48.2","118.5"
"35","Ontario","3.7","20000","65 to 74","1254045","809145","63945","362720","3315","13570","970","375","100","64.5","5.1","28.9","0.3","1.1","0.1","0","26.2","28.9","18.5","21.5","21.7","49.1","-13","50","46.3","56.7","38.7","26.6","61.7","132.8","76.4","158.6"
"35","Ontario","3.7","20000","75 and over","901385","531820","43445","314070","2555","8605","670","215","100","59","4.8","34.8","0.3","1","0.1","0","13.4","9.4","13.3","20.6","25.9","26.7","-32.7","22.9","29","20.5","35","43.7","38.5","109.9","19.6","65.4"
"46","Manitoba","4.3","00000","Total","1261620","900610","40525","288985","4365","25965","700","475","100","71.4","3.2","22.9","0.3","2.1","0.1","0","5.7","3.5","-3.7","12.7","15","37.1","-50.9","31.9","11.3","7.4","-7.8","22.3","66","122.5","60.9","458.8"
"46","Manitoba","4.3","00000","0 to 14","243420","192505","4195","39505","1205","5750","75","190","100","79.1","1.7","16.2","0.5","2.4","0","0.1","5.5","4.4","5.7","6","24.9","45.2","-54.5","46.2","8.2","2.8","-1.8","28.7","75.9","178.5","87.5",""
"46","Manitoba","4.3","00000","0 to 4","80965","64010","1335","13070","395","2095","25","30","100","79.1","1.6","16.1","0.5","2.6","0","0","5","3.7","9","6.9","0","47","-58.3","0","18.9","14.2","1.5","35.4","79.5","158.6","25",""
"46","Manitoba","4.3","00000","5 to 9","83280","66660","1455","12760","410","1880","20","85","100","80","1.7","15.3","0.5","2.3","0","0.1","11.7","11.8","14.1","6","39","53.5","-55.6","88.9","12.7","8","8.6","27","64","241.8","100",""
"46","Manitoba","4.3","00000","10 to 14","79175","61830","1405","13675","400","1770","30","75","100","78.1","1.8","17.3","0.5","2.2","0","0.1","0","-1.8","-4.4","5.1","45.5","35.1","-53.8","50","-4.7","-11","-13","24.4","86","151.1","100",""
"46","Manitoba","4.3","00000","15 to 24","168175","126815","3275","33665","700","3530","100","95","100","75.4","1.9","20","0.4","2.1","0.1","0.1","0","-4.5","-12.3","18.6","19.7","43.5","-37.5","46.2","4.6","-2","-23.7","35","68.7","123.4","81.8","171.4"
"46","Manitoba","4.3","00000","15 to 19","82025","62445","1545","15765","340","1830","40","50","100","76.1","1.9","19.2","0.4","2.2","0","0.1","-4.4","-8.8","-12.2","13.5","23.6","39.2","-38.5","42.9","-1.6","-8.7","-23.3","31.9","65.9","123.2","33.3",""
"46","Manitoba","4.3","00000","20 to 24","86155","64365","1730","17895","360","1705","60","40","100","74.7","2","20.8","0.4","2","0.1","0","4.6","0.1","-12.6","23.5","16.1","48.9","-36.8","14.3","11.4","5.5","-24","37.8","67.4","125.8","140","14.3"
"46","Manitoba","4.3","00000","25 to 44","330235","226235","8530","85825","1135","8120","265","115","100","68.5","2.6","26","0.3","2.5","0.1","0","8.4","3.1","-2.7","23.3","21.4","46.8","-36.9","53.3","9.9","0.6","-16.9","39.4","84.6","155.3","60.6","1050"
"46","Manitoba","4.3","00000","45 to 64","331745","233770","13635","77830","755","5560","160","45","100","70.5","4.1","23.5","0.2","1.7","0","0","1.6","0","-11.3","8.5","-7.4","26.9","-59.5","-18.2","12.3","12","-12.1","15.4","39.8","89.1","18.5","350"
"46","Manitoba","4.3","00000","65 and over","188030","121285","10885","52165","575","3000","105","30","100","64.5","5.8","27.7","0.3","1.6","0.1","0","15.3","21.4","6.4","5.3","16.2","14.7","-62.5","-14.3","23.9","37.6","13.1","0.9","53.3","57.5","162.5","0"
"46","Manitoba","4.3","00000","65 to 74","109255","74755","6025","26470","305","1630","60","15","100","68.4","5.5","24.2","0.3","1.5","0.1","0","24.9","33.6","12","8.6","13","25.9","-60","-25","40.6","62.5","16.3","4.5","32.6","73.4","50","-25"
"46","Manitoba","4.3","00000","75 and over","78775","46530","4860","25690","265","1370","45","15","100","59.1","6.2","32.6","0.3","1.7","0.1","0","4.2","6","0.2","2.2","20.5","3.8","-65.4","0","6.4","10.4","9.3","-2.6","76.7","41.2","","50"
"47","Saskatchewan","4.8","00000","Total","1083235","892620","15095","156960","2045","15925","315","280","100","82.4","1.4","14.5","0.2","1.5","0","0","6.4","3.7","-7.3","21.6","18.6","61.8","-58","60","13.6","10","-6","32.5","81","161.9","28.6","93.1"
"47","Saskatchewan","4.8","00000","0 to 14","215260","185320","1050","24335","500","3880","45","135","100","86.1","0.5","11.3","0.2","1.8","0","0.1","9","5.8","13.5","28.3","28.2","104.2","-43.8","125","14.7","8.8","12.9","60.3","100","370.3","200","575"
"47","Saskatchewan","4.8","00000","0 to 4","73025","63250","345","7720","170","1505","15","35","100","86.6","0.5","10.6","0.2","2.1","0","0","6.3","3.6","9.5","20","36","106.2","-40","133.3","27.8","22.9","23.2","55","70","401.7","",""
"47","Saskatchewan","4.8","00000","5 to 9","74415","64535","375","8010","195","1230","15","55","100","86.7","0.5","10.8","0.3","1.7","0","0.1","17.6","15.1","44.2","29.3","39.3","103.3","-50","120","21","15.3","56.3","63.3","105.3","392","50","266.7"
"47","Saskatchewan","4.8","00000","10 to 14","67820","57535","335","8605","130","1145","15","50","100","84.8","0.5","12.7","0.2","1.7","0","0.1","3.5","-1","-2.9","35.8","4","100.9","-40","150","-1.7","-8.6","-19.3","62.4","136.4","316.4","","400"
"47","Saskatchewan","4.8","00000","15 to 24","136830","115765","895","17885","280","1950","25","30","100","84.6","0.7","13.1","0.2","1.4","0","0","-4.7","-9","-5.8","27.5","14.3","102.1","-58.3","20","-3.4","-9.8","-7.7","54.5","69.7","233.3","150","50"
"47","Saskatchewan","4.8","00000","15 to 19","67255","56975","360","8705","140","1040","15","20","100","84.7","0.5","12.9","0.2","1.5","0","0","-5.9","-10.6","-19.1","31","27.3","112.2","-50","0","-10.2","-16.4","-28","47.5","75","307.8","","100"
"47","Saskatchewan","4.8","00000","20 to 24","69575","58785","540","9180","135","910","10","10","100","84.5","0.8","13.2","0.2","1.3","0","0","-3.5","-7.5","5.9","24.5","-3.6","89.6","-60","0","4.2","-2.3","14.9","61.8","58.8","180","0","0"
"47","Saskatchewan","4.8","00000","25 to 44","289765","230175","2845","51215","565","4790","120","60","100","79.4","1","17.7","0.2","1.7","0","0","12.9","6.4","4.2","49.2","50.7","83.2","-42.9","71.4","21.1","9.7","-5.2","107.3","189.7","240.9","71.4","50"
"47","Saskatchewan","4.8","00000","45 to 64","280880","236830","5210","35325","380","3025","75","30","100","84.3","1.9","12.6","0.1","1.1","0","0","1.4","-0.2","-17.9","15.3","-3.8","35","-58.3","0","14","14.2","-14.7","14.6","28.8","84.5","-6.3","-33.3"
"47","Saskatchewan","4.8","00000","65 and over","160505","124530","5095","28200","325","2280","55","25","100","77.6","3.2","17.6","0.2","1.4","0","0","11.8","19.2","-4.4","-9.3","1.6","7.3","-75.6","25","15.5","30","0.9","-22.1","44.4","40.3","-15.4","0"
"47","Saskatchewan","4.8","00000","65 to 74","89800","73635","2600","12370","175","980","30","15","100","82","2.9","13.8","0.2","1.1","0","0","20.9","29","1.2","-8","9.4","6.5","-68.4","0","28.4","48.1","5.5","-26.4","25","30.7","-14.3",""
"47","Saskatchewan","4.8","00000","75 and over","70700","50890","2500","15830","150","1300","25","5","100","72","3.5","22.4","0.2","1.8","0","0","2.1","7.5","-9.4","-10.4","-6.3","8.3","-80.8","-50","2.4","10.4","-3.3","-18.2","87.5","49.4","-28.6","-75"
"48","Alberta","4.7","20000","Total","4026650","2991480","72155","870945","10225","77520","2685","1640","100","74.3","1.8","21.6","0.3","1.9","0.1","0","11.5","7.6","5.3","24.6","21.6","55.1","-8.8","38.4","23.7","16.1","17.9","49.3","89.2","179.6","102.6","241.7"
"48","Alberta","4.7","20000","0 to 14","778030","626870","6825","119585","2585","21330","330","510","100","80.6","0.9","15.4","0.3","2.7","0","0.1","13.8","10.7","14.8","23.9","26.7","74.4","13.8","52.2","23.3","16.4","59.3","48.1","131.8","244.3","200","325"
"48","Alberta","4.7","20000","0 to 4","266010","212920","2225","41485","940","8205","80","155","100","80","0.8","15.6","0.4","3.1","0","0.1","8.8","5.4","15.3","19.3","15.3","67.4","-15.8","47.6","31.2","24.6","80.9","49.1","144.2","249.1","128.6","287.5"
"48","Alberta","4.7","20000","5 to 9","270470","220470","2365","39425","885","7030","115","185","100","81.5","0.9","14.6","0.3","2.6","0","0.1","23.6","21.1","26.8","30.3","51.3","85","15","105.6","32.6","26.2","75.8","54.4","152.9","256.9","283.3","362.5"
"48","Alberta","4.7","20000","10 to 14","241550","193480","2235","38680","760","6095","130","170","100","80.1","0.9","16","0.3","2.5","0.1","0.1","9.6","6","3.7","22.9","18.8","72.9","30","25.9","7.6","0.2","30.7","41.2","102.7","225.1","188.9","325"
"48","Alberta","4.7","20000","15 to 24","500035","390685","6025","90655","1500","10595","260","305","100","78.1","1.2","18.1","0.3","2.1","0.1","0.1","1.1","-4.6","3.5","27.5","21","58.7","-8.8","45.2","2.5","-5.7","5.8","44.4","57.1","187.5","300","238.9"
"48","Alberta","4.7","20000","15 to 19","239320","187200","2410","43150","705","5555","135","170","100","78.2","1","18","0.3","2.3","0.1","0.1","0.9","-5.1","-1.2","29.1","33","64.1","3.8","54.5","0.7","-8.1","10.6","46.6","64","213.8","440","240"
"48","Alberta","4.7","20000","20 to 24","260715","203490","3620","47500","795","5040","125","140","100","78.1","1.4","18.2","0.3","1.9","0","0.1","1.3","-4.1","7.1","26.1","11.2","53","-16.7","40","4.2","-3.4","2.8","42.6","50","163.9","212.5","250"
"48","Alberta","4.7","20000","25 to 44","1224865","864650","22285","307595","3315","25400","1130","495","100","70.6","1.8","25.1","0.3","2.1","0.1","0","13.8","8.1","10.7","30.3","22.6","57.7","-0.9","35.6","25.6","12.5","17.4","73.4","111.8","215.7","76.6","230"
"48","Alberta","4.7","20000","45 to 64","1048725","776775","23940","230675","1925","14450","720","240","100","74.1","2.3","22","0.2","1.4","0.1","0","8.1","4.7","-3.9","20.9","16.7","40.3","-5.9","20","26.3","21.7","5.4","43","58.4","133.6","132.3","300"
"48","Alberta","4.7","20000","65 and over","475000","332505","13075","122435","905","5745","240","90","100","70","2.8","25.8","0.2","1.2","0.1","0","23.6","26.8","11.4","17.1","17.5","23.3","-47.8","28.6","43.2","53.6","36.7","20.8","63.1","58.9","23.1","38.5"
"48","Alberta","4.7","20000","65 to 74","287320","209490","7865","66120","510","3130","150","60","100","72.9","2.7","23","0.2","1.1","0.1","0","31.9","36","17.4","22.6","21.4","31","-33.3","33.3","53.8","69.9","41.6","18.9","72.9","63","57.9","100"
"48","Alberta","4.7","20000","75 and over","187675","123010","5210","56315","395","2620","90","35","100","65.5","2.8","30","0.2","1.4","0","0","12.7","13.8","3.5","11.4","12.9","15.4","-61.7","40","29.4","32","30.1","23.2","49.1","54.6","-10","0"
"59","British Columbia","4.9","20000","Total","4598415","3170110","57425","1267465","10065","89140","2105","2115","100","68.9","1.2","27.6","0.2","1.9","0","0","5.6","3.5","0.3","9.8","17","29.6","-37.2","38.2","12.9","10.2","4.9","16.1","69.9","103.6","14.4","167.7"
"59","British Columbia","4.9","20000","0 to 14","690920","540700","3470","121800","2395","21655","230","665","100","78.3","0.5","17.6","0.3","3.1","0","0.1","2","2","0","-1.9","21.3","29.7","-11.5","37.1","1.7","2.2","3.7","-9.1","77.4","93.4","27.8","269.4"
"59","British Columbia","4.9","20000","0 to 4","220475","170895","1040","39905","725","7645","90","170","100","77.5","0.5","18.1","0.3","3.5","0","0.1","0.4","-0.7","-5.9","0.5","4.3","30.6","0","54.5","9.1","10.3","-7.1","-4.2","26.1","104.4","50","277.8"
"59","British Columbia","4.9","20000","5 to 9","236765","187820","1205","39490","825","7140","65","220","100","79.3","0.5","16.7","0.3","3","0","0.1","8.2","8.7","7.6","2","36.4","35.2","-7.1","29.4","7.4","8.5","38.5","-6.4","94.1","85.5","-13.3","266.7"
"59","British Columbia","4.9","20000","10 to 14","233680","181980","1230","42405","845","6870","70","275","100","77.9","0.5","18.1","0.4","2.9","0","0.1","-2.1","-1.7","-1.6","-7.4","24.3","23.7","-30","31","-9","-9.6","-8.9","-15.5","141.4","90.6","40","243.8"
"59","British Columbia","4.9","20000","15 to 24","544990","386330","3425","138065","1575","15000","175","415","100","70.9","0.6","25.3","0.3","2.8","0","0.1","-1.6","-5.6","-2.6","7.8","25","35.4","-34","45.6","1.3","-3.1","-3.5","7.5","133.3","131.1","40","232"
"59","British Columbia","4.9","20000","15 to 19","258515","187530","1345","61260","815","7240","80","235","100","72.5","0.5","23.7","0.3","2.8","0","0.1","-5.9","-9.7","-5.9","3.8","29.4","24.5","-33.3","38.2","-5.4","-10","1.9","2.5","176.3","117.1","77.8","235.7"
"59","British Columbia","4.9","20000","20 to 24","286480","198800","2085","76800","760","7755","95","175","100","69.4","0.7","26.8","0.3","2.7","0","0.1","2.7","-1.4","0","11.1","20.6","47.3","-36.7","45.8","8.2","4.6","-6.5","11.8","97.4","145.4","11.8","218.2"
"59","British Columbia","4.9","20000","25 to 44","1198920","791465","15165","362390","2765","25980","680","470","100","66","1.3","30.2","0.2","2.2","0.1","0","4","1.8","0.9","7.3","15","34.1","-27.7","30.6","7","3.3","-6.3","11.9","84.3","114.2","3.8","154.1"
"59","British Columbia","4.9","20000","45 to 64","1347040","906670","20220","398980","2055","18080","655","370","100","67.3","1.5","29.6","0.2","1.3","0","0","2.7","-0.6","-7.2","10.7","9.9","22.5","-33.5","42.3","15.7","11.2","-3.2","26.1","37.5","90.5","15.9","111.4"
"59","British Columbia","4.9","20000","65 and over","816550","544940","15135","246225","1275","8420","360","195","100","66.7","1.9","30.2","0.2","1","0","0","23.7","25.6","12.4","20.9","17.5","22.2","-59.8","44.4","42.6","48.5","40.3","30.4","40.1","87.9","18","56"
"59","British Columbia","4.9","20000","65 to 74","484805","338435","8885","131605","735","4815","215","120","100","69.8","1.8","27.1","0.2","1","0","0","31.7","36.6","18.8","21.8","31.3","30.1","-51.1","84.6","56.2","74.9","47.7","22.2","51.5","93","59.3","20"
"59","British Columbia","4.9","20000","75 and over","331740","206505","6250","114625","540","3605","145","70","100","62.2","1.9","34.6","0.2","1.1","0","0","13.7","11","4.3","19.9","1.9","12.8","-67.8","0","26.6","19.1","31","41.2","27.1","81.6","-14.7","250"
"60","Yukon","6.7","00100","Total","35560","29110","1570","4210","220","420","15","15","100","81.9","4.4","11.8","0.6","1.2","0","0","5.7","3.7","7.9","16.3","57.1","25.4","-25","0","17.8","13.5","42.1","32.4","100","211.1","50",""
"60","Yukon","6.7","00100","0 to 14","6250","5420","220","415","80","105","5","5","100","86.7","3.5","6.6","1.3","1.7","0.1","0.1","6.7","3.7","18.9","31.7","33.3","61.5","0","0","9.6","4.1","51.7","43.1","60","950","",""
"60","Yukon","6.7","00100","0 to 4","2130","1875","75","110","30","35","5","0","100","88","3.5","5.2","1.4","1.6","0.2","0","7.6","7.1","7.1","22.2","0","16.7","","","23.8","24.2","7.1","10","-25","250","",""
"60","Yukon","6.7","00100","5 to 9","2115","1820","80","135","30","40","5","0","100","86.1","3.8","6.4","1.4","1.9","0.2","0","11","6.7","23.1","35","100","100","","","14.9","7.4","128.6","42.1","","300","",""
"60","Yukon","6.7","00100","10 to 14","2005","1720","70","170","20","25","0","0","100","85.8","3.5","8.5","1","1.2","0","0","1.5","-2.5","55.6","30.8","100","66.7","","-100","-6.3","-14.2","75","88.9","100","","",""
"60","Yukon","6.7","00100","15 to 24","3865","3280","125","385","25","50","5","0","100","84.9","3.2","10","0.6","1.3","0.1","0","-12.4","-16.8","4.2","26.2","150","42.9","","","-6.8","-14.1","78.6","71.1","66.7","400","",""
"60","Yukon","6.7","00100","15 to 19","1915","1635","55","175","15","25","0","0","100","85.4","2.9","9.1","0.8","1.3","0","0","-12.8","-16.8","-8.3","20.7","50","66.7","","","-15.6","-22","22.2","75","0","150","",""
"60","Yukon","6.7","00100","20 to 24","1950","1640","65","200","10","25","0","0","100","84.1","3.3","10.3","0.5","1.3","0","0","-12","-17","8.3","25","","66.7","","","4","-5.5","225","60","","","",""
"60","Yukon","6.7","00100","25 to 44","10500","8410","555","1350","75","100","5","5","100","80.1","5.3","12.9","0.7","1","0","0","10.8","7.5","13.3","29.2","200","11.1","0","","20.8","12.7","54.2","66.7","150","300","",""
"60","Yukon","6.7","00100","45 to 64","10810","8785","495","1365","35","125","5","0","100","81.3","4.6","12.6","0.3","1.2","0","0","-1.2","-1.2","-7.5","0.4","40","19","-50","-100","14.3","14.2","17.9","9.6","250","66.7","-50",""
"60","Yukon","6.7","00100","65 and over","4130","3205","175","695","10","40","0","0","100","77.6","4.2","16.8","0.2","1","0","0","38.8","46.7","34.6","15.8","-33.3","-20","","","87.7","119.5","59.1","13.9","0","300","-100",""
"60","Yukon","6.7","00100","65 to 74","2905","2315","125","435","5","30","0","0","100","79.7","4.3","15","0.2","1","0","0","43.5","52.8","38.9","14.5","-50","20","-100","","99","148.9","38.9","2.4","","200","-100",""
"60","Yukon","6.7","00100","75 and over","1225","895","50","260","5","15","0","0","100","73.1","4.1","21.2","0.4","1.2","0","0","28.9","32.6","42.9","20.9","0","-25","-100","","66.7","70.5","100","44.4","","50","",""
"61","Northwest Territories","7.5","00100","Total","41380","31765","1170","7625","145","630","35","10","100","76.8","2.8","18.4","0.4","1.5","0.1","0","0.8","1.2","8.8","-5.2","107.1","41.6","133.3","100","0.8","0.7","20","-6.6","222.2","100","133.3","0"
"61","Northwest Territories","7.5","00100","0 to 14","8845","7915","175","545","55","145","5","5","100","89.5","2","6.2","0.6","1.6","0.1","0.1","-1.7","0.4","12.9","-37","266.7","93.3","","","-10.9","-10.2","45.8","-40.1","266.7","107.1","","-50"
"61","Northwest Territories","7.5","00100","0 to 4","3115","2815","70","140","25","55","0","5","100","90.4","2.2","4.5","0.8","1.8","0","0.2","-5.2","-2.6","16.7","-51.7","400","83.3","","","-3.1","0.4","100","-58.2","150","120","",""
"61","Northwest Territories","7.5","00100","5 to 9","3005","2705","50","180","20","40","0","0","100","90","1.7","6","0.7","1.3","0","0","5.4","8.2","-9.1","-34.5","300","100","","","-3.1","-3.2","25","-26.5","","100","",""
"61","Northwest Territories","7.5","00100","10 to 14","2730","2390","55","220","20","45","0","5","100","87.5","2","8.1","0.7","1.6","0","0.2","-4.5","-4","37.5","-26.7","300","80","","","-24.3","-25.7","37.5","-33.3","","80","",""
"61","Northwest Territories","7.5","00100","15 to 24","5700","4905","90","595","25","85","0","0","100","86.1","1.6","10.4","0.4","1.5","0","0","-14.6","-14.3","5.9","-24.7","66.7","41.7","","","-14.9","-14.2","0","-29.2","150","183.3","",""
"61","Northwest Territories","7.5","00100","15 to 19","2655","2305","45","245","15","40","0","0","100","86.8","1.7","9.2","0.6","1.5","0","0","-21.1","-20.2","28.6","-37.2","200","0","","","-25.4","-24.8","-25","-41","50","166.7","",""
"61","Northwest Territories","7.5","00100","20 to 24","3045","2600","45","350","10","45","0","0","100","85.4","1.5","11.5","0.3","1.5","0","0","-8","-8.3","0","-12.5","0","80","","","-2.9","-2.1","12.5","-17.6","","125","",""
"61","Northwest Territories","7.5","00100","25 to 44","12830","9825","450","2310","40","190","15","0","100","76.6","3.5","18","0.3","1.5","0.1","0","1.6","3.7","8.4","-10.1","60","35.7","200","-100","-2.7","-1","26.8","-16.6","300","46.2","50",""
"61","Northwest Territories","7.5","00100","45 to 64","10920","7510","375","2830","20","170","10","5","100","68.8","3.4","25.9","0.2","1.6","0.1","0","4.1","3.4","2.7","4","33.3","47.8","0","","15.6","16.5","10.3","9.9","","100","","-50"
"61","Northwest Territories","7.5","00100","65 and over","3080","1610","80","1340","0","45","5","0","100","52.3","2.6","43.5","0","1.5","0.2","0","36.6","54.8","45.5","21.8","-100","-18.2","0","","70.6","145.8","14.3","25.8","","350","",""
"61","Northwest Territories","7.5","00100","65 to 74","2200","1285","60","825","5","25","5","0","100","58.4","2.7","37.5","0.2","1.1","0.2","0","43.3","69.1","71.4","19.6","","-37.5","","","88","167.7","71.4","27.9","","150","",""
"61","Northwest Territories","7.5","00100","75 and over","880","330","20","515","0","15","5","0","100","37.5","2.3","58.5","0","1.7","0.6","0","21.4","17.9","0","25.6","","50","","","39.7","83.3","-42.9","21.2","","","",""
"62","Nunavut","7.9","00100","Total","35690","11020","595","23345","25","690","15","5","100","30.9","1.7","65.4","0.1","1.9","0","0","12.4","23.5","36.8","5.8","400","112.3","200","0","21.7","41.9","63","11.8","25","165.4","-40",""
"62","Nunavut","7.9","00100","0 to 14","11670","4005","105","7250","5","295","0","5","100","34.3","0.9","62.1","0","2.5","0","0","12.1","30.5","200","0.8","","181","","0","16.9","47.2","162.5","2.5","-50","126.9","-100",""
"62","Nunavut","7.9","00100","0 to 4","4150","1455","45","2525","5","120","0","5","100","35.1","1.1","60.8","0.1","2.9","0","0.1","4.7","22.8","200","-7","0","118.2","-100","","21.3","56.5","350","4.3","","140","",""
"62","Nunavut","7.9","00100","5 to 9","4105","1410","40","2550","0","100","0","5","100","34.3","1","62.1","0","2.4","0","0.1","23.1","36.2","166.7","13.1","-100","233.3","","","24","52.4","300","9","","233.3","",""
"62","Nunavut","7.9","00100","10 to 14","3410","1140","20","2175","0","75","0","0","100","33.4","0.6","63.8","0","2.2","0","0","9.8","33.3","100","-1.8","","200","","","4.9","31.8","33.3","-6.5","","66.7","",""
"62","Nunavut","7.9","00100","15 to 24","6145","1875","30","4095","5","135","0","0","100","30.5","0.5","66.6","0.1","2.2","0","0","2.9","23.8","-25","-5.9","","92.9","","","9.9","36.9","-33.3","-0.8","","200","",""
"62","Nunavut","7.9","00100","15 to 19","3125","930","5","2125","0","65","0","0","100","29.8","0.2","68","0","2.1","0","0","2.6","19.2","-66.7","-4.1","","116.7","-100","","-0.6","24","-75","-9.6","","160","",""
"62","Nunavut","7.9","00100","20 to 24","3015","940","25","1975","0","75","0","0","100","31.2","0.8","65.5","0","2.5","0","0","3.1","27.9","0","-7.3","","114.3","","","23.3","52.8","25","11","","275","",""
"62","Nunavut","7.9","00100","25 to 44","10305","3290","260","6560","5","185","5","0","100","31.9","2.5","63.7","0","1.8","0","0","14.2","26.8","40.5","6.8","0","105.6","","","20","41.8","73.3","8.5","","184.6","-50",""
"62","Nunavut","7.9","00100","45 to 64","6240","1680","175","4305","5","65","5","0","100","26.9","2.8","69","0.1","1","0.1","0","17.2","3.4","9.4","23.2","","44.4","","","42.8","29.7","40","47.4","-50","225","",""
"62","Nunavut","7.9","00100","65 and over","1330","170","20","1130","5","5","0","0","100","12.8","1.5","85","0.4","0.4","0","0","27.3","41.7","100","25.6","","-50","","","68.4","161.5","100","56.9","","","",""
"62","Nunavut","7.9","00100","65 to 74","990","150","15","810","0","10","0","0","100","15.2","1.5","81.8","0","1","0","0","32","50","200","26.6","","100","","","72.2","233.3","","54.3","","","",""
"62","Nunavut","7.9","00100","75 and over","345","20","5","320","5","0","0","0","100","5.8","1.4","92.8","1.4","0","0","0","19","0","0","23.1","","-100","","","60.5","0","","68.4","-50","","",""

